MSE,MAE,R2
52.4548417876342,5.615438318425959,0.8953458317112077
