MSE,MAE,R2
53.00777291837685,5.523053864912552,0.8942426628589761
